"sla","lnm","lls","sla.1","lnm.1","lls.1","sla.2","lnm.2","lls.2","sla.3","lnm.3","lls.3","sla.4","lnm.4","lls.4","sla.5","lnm.5","lls.5","sla.6","lnm.6","lls.6","sla.7","lnm.7","lls.7","sla.8","lnm.8","lls.8","sla.9","lnm.9","lls.9","sla.10","lnm.10","lls.10","sla.11","lnm.11","lls.11","sla.12","lnm.12","lls.12","sla.13","lnm.13","lls.13"
0.00438379412992743,87.2508163074677,24.1583994479999,0.00455786008461661,80.1614726560913,25.8599770535968,0.00739174105485221,60.5462026364612,3.58000836577385,0.0102138719016908,52.2212036244519,11.0493297455891,0.00762903142732225,57.7353722444604,11.6408463183541,0.012409047145478,44.7066671704362,6.55886385976557,0.012232341992234,47.7390744453576,3.90849875035203,0.0141992513517622,41.8122530510531,2.46719910107892,0.00660822143289436,62.5280620898223,9.46268234577057,0.0118404506874916,46.2112139917147,3.43432257314861,0.0127292900879664,45.4110802935059,2.79525086216303,0.0145888075492487,41.6908938833092,1.19356909615065,0.016158206366771,43.8821126698566,3.44806844184942,0.0119624868706302,67.8967599640171,2.45313289340226
0.00948020843825441,29.8349036354006,1.10764627372754,0.00985663613616833,27.4107442564017,1.18566245598144,0.0159850676935784,20.7034180033643,0.164140962020194,0.0220880889293179,17.856733538971,0.506604294967146,0.0164982218529057,19.7422710774114,0.533724929721179,0.0268352823998158,15.2871819810783,0.300719471494501,0.0264531472823315,16.3240958193597,0.179202023959191,0.0307067025713865,14.2974540909869,0.113119409948338,0.0142906611791589,21.3811031908767,0.433857584908338,0.0256056596622505,15.801652920463,0.157461366971535,0.0275278262911778,15.5280519068362,0.128160361296821,0.0315491403869247,14.2559560371217,0.0547243357174093,0.0349430561302051,15.0052304176655,0.158091605753636,0.0258695699689103,23.2168978630976,0.112474483840875
0.0118464245857718,53.2344477992391,3.11441896217086,0.0123168068948082,48.9090178432586,3.33378057889895,0.0199748666038087,36.9411290357977,0.461522542629348,0.0276011736924601,31.8617871558112,1.4244421346295,0.0206161016661957,35.2261536337546,1.50069844600572,0.0335332446810465,27.2769337925248,0.845546494879328,0.0330557304069314,29.1271001704985,0.503870409458157,0.0383709534087665,25.5109613481559,0.318062944541933,0.017857544065866,38.1503233801072,1.21989693042794,0.0319967137994323,28.1949047939262,0.442741224105017,0.0343986443222877,27.7067182371426,0.360354265516779,0.0394236598038817,25.43691632997,0.153870881790577,0.0436646812081156,26.7738473415734,0.444513294900744,0.0323264948971388,41.4259336130999,0.316249576731358
0.00715142500863612,30.1634520760153,3.25193692709549,0.00743538442475425,27.7125973272742,3.48098451205118,0.0120583860168423,20.9314085403382,0.481901188405699,0.0166622192529754,18.0533757681666,1.48733874099059,0.0124454854685264,19.9596772556228,1.56696216927705,0.0202432795563292,15.4555277502705,0.882881816375031,0.0199550147303336,16.5038603090138,0.526118936113072,0.0231636975212117,14.4549007616301,0.332107095114679,0.0107802051412912,21.616556544366,1.27376179104173,0.0193157097825331,15.9756641554111,0.462290575963806,0.0207657022157593,15.699050187981,0.376265800171461,0.0237991931330962,14.4129457221801,0.160665089885897,0.0263594041328628,15.170471274986,0.464140892998235,0.0195147913511901,23.472567386353,0.330213657585162
0.0137120495145753,35.0634628500213,8.68887098079037,0.0142565096143791,32.2144701612298,9.30086468139364,0.0231205928789202,24.3316867016145,1.28759485359592,0.031947922986482,20.9861215145176,3.97402985203068,0.0238628123445717,23.2020990232561,4.18677619703657,0.0388142015442476,17.9662567047489,2.35897754653568,0.0382614863074118,19.1848894274005,1.40574053523238,0.044413773054732,16.8030792556128,0.887359061983366,0.0206698254538301,25.1281360445296,3.40337223960465,0.0370356912961283,18.5708885443882,1.23519713335044,0.0398158879724756,18.2493390232545,1.00534698718579,0.0456322640947599,16.7543086784447,0.42928207663071,0.0505411794443814,17.6348932021198,1.24014100721581,0.0374174077125864,27.2856532624941,0.882299974192614
0.0065939487521744,56.5299791618763,14.0821808310629,0.00685577263137598,51.9367791685211,15.0740480113237,0.0111183965899069,39.2280063181133,2.0868238929512,0.015363346426612,33.834222734323,6.44076855647447,0.0114753204118469,37.40686366052,6.78556968289747,0.0186652517238423,28.9655394699773,3.82322956114498,0.0183994580551156,30.9302422351359,2.27830433464404,0.0213580138477701,27.0902427475034,1.43815586634426,0.00993985396669328,40.5120570392604,5.51589538151625,0.0178099889552205,29.940338377935,2.00190213806916,0.0191469498803771,29.4219301474944,1.62938062986714,0.0219439705615631,27.0116138989263,0.695743767402328,0.0243046049955155,28.4313089526222,2.00991474706429,0.0179935514843167,43.9904471770116,1.42995652844788
0.0201676623578694,25.0870851969944,2.53663393094855,0.0209684534758204,23.048697756055,2.71529971962342,0.0340057341683444,17.4087510945773,0.375901173140568,0.0469889583713731,15.0150776790393,1.16018053295418,0.0350973894721549,16.6005576070811,1.22228982179278,0.057087870825044,12.8544352436324,0.688681245252402,0.0562749380636281,13.7263383716198,0.410392690565177,0.0653237124074533,12.022209063049,0.25905610873243,0.0304011490263243,17.978591917381,0.993582425347997,0.0544720405550356,13.2870351422427,0.360604152920923,0.0585611497576711,13.0569740023536,0.293501570654051,0.0671158672458129,11.9873148590807,0.12532485335977,0.0743358927576297,12.6173524301867,0.362047470266176,0.0550334685017039,19.5222448786578,0.257579155768341
0.00506559338748921,71.7636492944588,6.70121920823885,0.00526673133396369,65.9326760949366,7.17321424083523,0.00854135789677507,49.799149578184,0.993046781845709,0.0118024068723144,42.9518519280482,3.06493734771973,0.00881555337814886,47.4872463202601,3.22901619027453,0.0143389915908792,36.7711583652964,1.81934173974938,0.0141348039786697,39.2653082358094,1.08416565251408,0.0164076212575189,34.3905076325357,0.684368268779016,0.00763597965630021,51.4292256368505,2.62482242805163,0.013681962913811,38.0086455888982,0.952635477528587,0.0147090410238087,37.3505369712712,0.775365471114598,0.0168577640424118,34.2906899216968,0.331080217905215,0.0186712470748611,36.0929636788966,0.956448398975228,0.0138229790436792,55.8449705859169,0.680466489554247
0.00913742055626591,35.709774835376,2.52618569470745,0.00950023728200235,32.808267706444,2.7041155701922,0.0154070753916355,24.7801837826476,0.374352859758663,0.0212894219727242,21.3729510161831,1.15540182202441,0.0159016747872617,23.6297748277896,1.21725528659344,0.0258649651672033,18.2974221429689,0.685844610349184,0.0254966473922816,19.538517476851,0.408702308783898,0.0295964015051333,17.1128042693748,0.257989072850463,0.0137739356757352,25.5913137849789,0.989489921586067,0.024679803453528,18.9131989401487,0.359118847006943,0.026532467873527,18.5857224143069,0.292292656072442,0.0304083782315112,17.0631347219969,0.124808648140401,0.0336795758724563,17.9599507381005,0.360556219418474,0.0249341712215776,27.7885997286549,0.256518203363101
0.00567295346840809,56.7764178431838,4.5780044566485,0.00589820767335454,52.1631941001984,4.90045255088268,0.00956545900922415,39.3990182004931,0.678409771666742,0.0132175048173469,33.9817207761998,2.09384238915189,0.00987253028164862,37.5699363927061,2.20593448002605,0.0160582237571325,29.0918128112411,1.24290137867736,0.0158295542342784,31.0650805673264,0.740658533129686,0.0183748802560925,27.2083408575324,0.467532979760939,0.00855152673384489,40.6886666552877,1.79317351068856,0.0153224179339445,30.0708612901518,0.650802387769299,0.0164726417834993,29.5501930935377,0.529698622293967,0.0188789947551251,27.1293692317238,0.226180739053389,0.0209099127684503,28.555253351506,0.653407222924388,0.0154803417706687,44.1822206033097,0.464867440532213
0.0134532808902931,46.0773739110288,1.96601106023616,0.0139874661445421,42.3334738304024,2.10448548192351,0.0226842697745216,31.9746007641004,0.291341156851021,0.0313450138392318,27.5781480027471,0.899194689399139,0.0234124823544893,30.4901942169307,0.947332320655387,0.038081714579003,23.6097025415657,0.533760480227092,0.037539429975553,25.2111243937658,0.318073711325585,0.0435756130889051,22.0811552193011,0.200780715252535,0.0202797523074959,33.0212256890733,0.770073290299313,0.0363367677051764,24.404257473939,0.279485243952611,0.0390644975589376,23.9817048704051,0.227477574537834,0.0447711092258157,22.0170651398461,0.0971326783978041,0.0495873853773079,23.174253251334,0.280603883039464,0.0367112805134614,35.8564484392293,0.199636006973023
0.00813202708236848,56.5631976206928,6.77177796019548,0.00845492296107483,51.9672985457693,7.24874274223517,0.0137118296759315,39.2510576960132,1.00350281072407,0.0189469396734119,33.8541045873,3.09720881166684,0.0141520081327933,37.4288448885053,3.26301527989593,0.023019034302846,28.9825603603836,1.83849802736664,0.0226912426572565,30.9484176350406,1.09558109394025,0.0263398994386169,27.1061616656841,0.691574147205497,0.0122583848752666,40.5358629581424,2.65245981594716,0.0219642763333241,29.9579320850636,0.962666006045156,0.0236130914606569,29.4392192247132,0.783529481013698,0.0270625340911973,27.0274866127885,0.334566241305882,0.0299738007494561,28.4480159155389,0.966519074660577,0.0221906559298332,44.0162970867326,0.687631285206987
0.0183113992079836,29.9866202289189,2.32447350316998,0.0190384842604208,27.5501335031446,2.48819594125247,0.0308757932708124,20.8086991228223,0.344461337568334,0.0426640212354504,17.9475386850846,1.06314469535506,0.0318669709150468,19.8426645679614,1.12005925225846,0.0518334140100912,15.3649204314184,0.63108093256511,0.0510953048500216,16.40710718887,0.376068033891145,0.0593112158670011,14.3701595723646,0.237389026944727,0.0276029797764442,21.4898304782655,0.910480614785887,0.0494583488446552,15.8820075608651,0.330443738203997,0.0531710900481631,15.6070152300656,0.268953519780836,0.0609384179742853,14.328450492399,0.11484286217622,0.0674939010586754,15.0815350865777,0.331766338554317,0.0499681020860342,23.3349605422636,0.23603560421054
0.00645869491182935,46.2552547607203,3.630850319536,0.00671514830871647,42.4969014230834,3.88658636721147,0.0108903381239129,32.0980381189168,0.538051974295328,0.0150482163455562,27.6846129329994,1.66064239991496,0.0112399407913455,30.6079010477288,1.74954349379155,0.0182823935804841,23.7008473615194,0.985754581642805,0.0180220518216502,25.3084514731584,0.587421942714694,0.0209199222726572,22.1663991105907,0.370803979120933,0.00973596954599302,33.1487035200532,1.42217961470346,0.0174446738013983,24.4984696585122,0.516156347151495,0.0187542112347573,24.0742857984683,0.420108025281789,0.0214938599522121,22.1020616125693,0.179385672609436,0.023806073495308,23.2637170273571,0.518222261819065,0.0176244711303183,35.9948715951931,0.368689919588662
0.0157695188252635,52.7377565225439,4.39214489432041,0.016395674221241,48.4526839557336,4.7015021184527,0.026589797846619,36.596458670989,0.650867434293531,0.0367416535673882,31.5645083749757,2.00883578120361,0.0274433860592073,34.8974844365575,2.11637711483244,0.0446382053455228,27.0224328888838,1.1924415968127,0.0440025561434813,28.8553367321949,0.710588996914594,0.0510779828750694,25.2729374278266,0.448551898415307,0.0237712970087084,37.7943709168176,1.7203735719749,0.0425928327111234,27.9318389815183,0.624380865444827,0.0457901930895987,27.4482073325843,0.508193716600315,0.0524793063879192,25.1995832689647,0.216998167571517,0.058124795994356,26.5240403656792,0.626879948513729,0.0430318250155815,41.0394188523536,0.445994575759786
0.0167369933982749,42.2827964546189,2.70451483828053,0.0174015640072386,38.8472151352228,2.89500518482555,0.0282211065506552,29.3414190321849,0.400779272122077,0.0389957880144008,25.3070242424646,1.23696424153936,0.0291270631899947,27.979256769833,1.30318408162336,0.0473768005515773,21.6653893697744,0.734259927657022,0.0467021536827621,23.1349304583204,0.437553526196169,0.054211664391919,20.2627214264284,0.276201103149353,0.0252296880781038,30.3018519933256,1.05934024599425,0.0452059424132737,22.3945108805277,0.38446985606454,0.0485994638097994,22.0067564533528,0.312926253649731,0.0556989603990642,20.2039093120577,0.133619171998573,0.0616908060171808,21.2658003276399,0.386008695835213,0.045671867301853,32.9035876451844,0.274626401668746
0.0141749313179976,49.1520992991376,5.10940654238786,0.0147377709220923,45.1583702102288,5.46928351888752,0.0239010817268209,34.1082535398392,0.757157700172166,0.0330263986871322,29.4184271815215,2.33688981807889,0.0246683565194993,32.5247931163425,2.46199324859885,0.0401244642872536,25.1851688854251,1.38717393045225,0.0395530908749689,26.8934530001217,0.826632125565617,0.0459130622271139,23.5546221899374,0.521802913953792,0.0213675830043935,35.2247193423512,2.00132012843347,0.0382859163306809,26.0327441619598,0.72634572756717,0.0411599649472541,25.5819947861791,0.591184572202009,0.0471726862377792,23.4862554042011,0.252435173190623,0.0522473133278277,24.7206622320177,0.729252924777064,0.0386805184636803,38.2491354130224,0.518827966309417
0.0097398862123602,38.8297795390731,1.21276236715125,0.0101266248551592,35.6747643459819,1.29818231764495,0.0164229237623172,26.9452573603099,0.179718007786174,0.0226931163192507,23.2403306905103,0.554681253885995,0.016950134018695,25.6943358324413,0.58437564819137,0.0275703428625125,19.8960892702408,0.32925787478237,0.0271777404649718,21.2456205519074,0.196208370785799,0.0315478073029755,18.6079699504814,0.123854489139412,0.0146821047966357,27.8272567376023,0.475030850696821,0.0263070388301149,20.5656672048538,0.172404516381051,0.0282818566169688,20.2095786727564,0.140322833045094,0.0324133208112251,18.5539607167805,0.0599176980048684,0.0359002012283794,19.5291325948713,0.173094565086472,0.0265781780538859,30.2165221185959,0.123148359275325
0.00775503232932128,34.3782989245425,1.40883394739639,0.00806295899422401,31.5849774916865,1.50806404333277,0.0130761594069882,23.8562289852643,0.208773653590815,0.0180685735820513,20.5760384186475,0.644358533563839,0.0134959315165814,22.7487142188481,0.678853725596434,0.0219518889202141,17.6151838223402,0.382490159659731,0.0216392934525553,18.8100036322872,0.227930071886786,0.0251188012076876,16.4747356521258,0.143878482350105,0.0116900952308766,24.6371151660192,0.551830768045927,0.020946028749017,18.2080007443689,0.200277764169599,0.0225184060281413,17.892734519699,0.163009321647355,0.0258079350529498,16.426918085225,0.0696048041112874,0.0285842375449843,17.290295388052,0.201079375489249,0.0211619135550862,26.7524730293109,0.143058189974003
0.00671994727038596,37.2756688127396,6.04341005794491,0.00698677413369489,34.2469289426487,6.46907282745795,0.0113308491805878,25.8668089636266,0.895566720461515,0.0156569123849288,22.3101670985868,2.76407510612511,0.0116945931757456,24.6659539204855,2.91204754167423,0.0190219111623122,19.0997745315527,1.6407504108092,0.0187510386539299,20.3952926031199,0.977741125200994,0.0217661271343457,17.8632104890933,0.617188895088303,0.0101297867244554,26.7135074788194,2.36716301453083,0.0181503058581964,19.7425534922171,0.859122295144924,0.0195128137055096,19.4007169340898,0.699253574775782,0.0223632804285867,17.8113629037565,0.298580520454399,0.0247690223469762,18.7475048132575,0.862560930280521,0.0183373759375534,29.0071456633485,0.613670124685768
0.0116734968259131,40.1207810274511,2.49153682839612,0.0121370127459906,36.8608687847632,2.66702623860494,0.0196832842018558,27.8411256286806,0.369218279898513,0.0271982665451136,24.0130186085978,1.13955446632484,0.0203151588583179,26.5486138169244,1.20055955603796,0.0330437443392765,20.5575887988419,0.676437646219776,0.0325732005627259,21.9519889135002,0.403096595914945,0.0378108347865967,19.2266424535686,0.254450525025689,0.0175968692040518,28.7524494709158,0.975918194028082,0.0315296429123376,21.2494286705669,0.354193215076601,0.0338965113401578,20.8815010080291,0.288283604328836,0.038848174337701,19.170837536196,0.123096787380135,0.0430272875834321,20.1784316520895,0.355610872656942,0.0318546100422467,31.2211524691097,0.252999829811476
0.00523672172245877,42.4308129830875,1.84025484578705,0.00544465460868589,38.9832049563114,1.96987172876485,0.00882990619574912,29.4441325551693,0.272705472779941,0.0122011215108956,25.3956148322156,0.841677556114039,0.00911336468198618,28.0772018634279,0.886736056025723,0.0148233983658387,21.7412319343946,0.499618405050853,0.0146123127885881,23.2159173461313,0.297728075097434,0.016961911484118,20.3336537661587,0.187937744429415,0.00789394202802775,30.4079276390799,0.720815428125952,0.0141441736270393,22.4729058315533,0.261607925261614,0.0152059489883564,22.0837940186561,0.21292693480618,0.0174272612110974,20.2746357721931,0.0909195709633303,0.0193020082077261,21.3402440779009,0.262655010418918,0.0142899536322646,33.0187710111339,0.186866257599563
0.00595479591612151,51.9721152595821,2.82562528112253,0.00619124115177769,47.7492529305268,3.02464594515764,0.0100406880756488,36.0651550910802,0.418726504077165,0.013874174034031,31.1062581259979,1.29235653776644,0.0103630151966404,34.3908463878423,1.3615417578306,0.0168560249580139,26.6301240193075,0.76714070307041,0.0166159947253641,28.4364179552958,0.45714754009272,0.0192877770842894,24.9060275513566,0.288569620209195,0.00897638183617837,37.245676171541,1.10677839072053,0.0160836629890009,27.5263274488934,0.401686738689218,0.0172910320111686,27.0497171139272,0.326939353751819,0.0198169368908723,24.833738340542,0.139602750592365,0.0219487545338469,26.1389671069078,0.403294488995508,0.0162494327636378,40.4436128387265,0.286924402275522
0.00749063844696955,63.7100300979774,12.5611558171962,0.0077880669059389,58.5334332875537,13.4458908131946,0.0126303512652488,44.2104791168244,1.86142476061567,0.0174525580562547,38.131614069285,5.74509718281092,0.0130358119995897,42.1580273868185,6.05265612747314,0.0212034787408491,32.6445439888104,3.41028018448105,0.0209015406535582,34.8587898483993,2.03222328201684,0.0242624208485482,30.5310599153539,1.28281976657457,0.0112915424548338,45.6576211696694,4.9201201283927,0.0202319115634748,33.7431551803628,1.78567545671596,0.0217506814666791,33.1589022856317,1.45339022576219,0.0249280599145404,30.4424441687415,0.620596055115712,0.0276097093653908,32.0424591686039,1.79282261888476,0.02044043616528,49.5778126088711,1.275506044208
0.00706487745744847,45.9791729364592,13.4927297426969,0.0073454003567784,42.2432519268041,14.44307940547,0.0119124537334481,31.9064558875592,1.99947374245356,0.0164605707323022,27.5193729298464,6.17117124899259,0.0122948684531285,30.4252129358208,6.50153971035625,0.0199982925402462,23.5593850950169,3.66319704537733,0.0197135163357146,25.1573939665448,2.18293920719712,0.0228833671962078,22.0340954418419,1.377957623556,0.0106497415826085,32.9508502256102,5.28501136042941,0.0190819483463003,24.3522466568249,1.91810663734074,0.0205143927671815,23.9305946054265,1.56117811229124,0.0235111719508249,21.9701419523817,0.66662136613231,0.0260403989170199,23.1248638425843,1.92578385502471,0.0192786206018159,35.7800304951829,1.37010149305802
0.0087109173871402,28.0609304356235,2.41549001063835,0.00905679908374172,25.7809107469312,2.58562312386434,0.01468792643258,19.4723998264471,0.3579489801939,0.0202957054326669,16.7949782499038,1.10477292513388,0.0151594396401093,18.5684023690672,1.16391601429906,0.0246576781056952,14.3782113517121,0.655791380902606,0.0243065521298465,15.3534706466417,0.390793260471956,0.0282149439089849,13.4473323445785,0.246684172754889,0.0131310160267095,20.1097900837253,0.94613116772291,0.0235278356392512,14.8620920244185,0.343382511188549,0.0252940240957559,14.6047592337943,0.279484597036995,0.0289890203718339,13.4083017508499,0.119339620779275,0.0321075298277372,14.1130245321458,0.344756898949866,0.0237703304001946,21.8364290305378,0.245277755736094
0.0160735375097873,28.5415941529273,0.959128535049911,0.0167117644814356,26.222519353728,1.02668398878114,0.027102419408041,19.8059481422051,0.142132271085342,0.0374499915521141,17.0826642443563,0.438676720905353,0.0279724638466177,18.8864658533691,0.462160910125546,0.0454987800161275,14.624499853526,0.260397775893616,0.0448508762084532,15.6164646443446,0.155173884293891,0.0520627092534626,13.6776755531686,0.0979518972102346,0.0242295810265082,20.454256439822,0.375684187004076,0.0434139748851148,15.1166690569141,0.136348303436368,0.0466729767953948,14.8549283391897,0.110976096338426,0.0534910487162402,13.6379763932171,0.0473866731583743,0.0592453770477301,14.3547705729474,0.13689403722715,0.0438614304701839,22.2104714798621,0.0973934454306926
0.0111594224321638,41.1197858942726,1.86894918334817,0.0116025261596344,37.7787020464351,2.00058712911644,0.0188164768909049,28.5343678659594,0.276957657149203,0.0260005164113085,24.6109412273188,0.854801488360733,0.0194205252168518,27.2096725932311,0.900562566944835,0.0315885725863951,21.0694714375698,0.507408749523576,0.0311387504933529,22.4985920253887,0.302370426621642,0.036145731153988,19.7053846139121,0.190868180445643,0.0168219428899522,29.4683836132455,0.732054806878989,0.0301411487612697,21.7785380775983,0.265687070132938,0.0324037856575906,21.4014490399302,0.216247016998693,0.0371373886178139,19.6481901576867,0.0923372424701365,0.0411324631697202,20.6808733022526,0.266750482058802,0.0304518050738814,31.9985571572955,0.18977998636198
0.0114841179288528,45.6998942164504,7.22961648765578,0.0119401142397658,41.9866652904279,7.7388287613798,0.0193639626902075,31.7126552254071,1.07134943119284,0.0267570296306673,27.3522195263279,3.3066104680569,0.0199855864572142,30.2404093827762,3.48362707780327,0.0325076763597297,23.4162847629899,1.96279850421864,0.0320447662051135,25.0045872861062,1.16965310836709,0.0371974303975263,21.9002597597592,0.73833133432051,0.0173113955596696,32.7507058844554,2.8317920833988,0.0310181381688586,24.204330462572,1.02775165847418,0.0333466089392302,23.7852395369547,0.836503749502368,0.0382179412105931,21.8366947254959,0.357186196679167,0.0423292567887556,22.9844028042081,1.03186523227324,0.0313378333637544,35.5627016377809,0.734121896226035
0.0127781861361006,31.2347400449497,1.73147521258156,0.0132855656122014,28.6968405110389,1.85343028881566,0.0215459577410224,21.6748103925401,0.256585530821878,0.0297720997980017,18.694561140794,0.79192500361242,0.0222376281201186,20.6685670091522,0.834320042479889,0.0361707483282731,16.0044477111115,0.470085372183929,0.0356556759338042,17.0900129464992,0.280129017620031,0.0413889592869864,14.9682823612908,0.176828522817364,0.0192621005903604,22.3842921767932,0.67820717848058,0.0345133640713628,16.5430573291864,0.246143972419019,0.037104214592109,16.2566191143657,0.200340572693991,0.0425244646173965,14.9248372427582,0.0855452079487545,0.0470990567669616,15.7092671435425,0.247129163138383,0.0348690835730698,24.306221272441,0.175820372837081
0.00337984246672082,43.0290622198606,3.71482879212729,0.00351404482391009,39.532844969605,3.97647979657053,0.00569892645040948,29.8592773188484,0.550496657771517,0.00787474890011603,25.7536779029565,1.69905164292749,0.00588187392787952,28.4730737170315,1.79000894331727,0.00956719756238223,22.0477703789076,1.00855424476051,0.00943096042091948,23.5432479782087,0.601008511472529,0.0109474193568308,20.6203461953436,0.37938035904764,0.00509484404751479,30.8366613404394,1.45507341678355,0.00912881783966446,22.789760443016,0.528094603437868,0.00981410028285916,22.3951623848946,0.429824765764502,0.011247761603847,20.560496082751,0.183534710290622,0.012457745607081,21.6411288320357,0.530208300950507,0.00922290598842867,33.484316051821,0.377217403120623
0.00987720067949199,44.4931530211189,3.90295544253312,0.0102693916252746,40.8779747884197,4.17785699761965,0.0166544567572619,30.8752579375142,0.578374952595128,0.0230130474875413,26.6299629291936,1.78509514919294,0.017189099707805,29.44188788964,1.88065871630719,0.027959033947425,22.797959579757,1.05962952775107,0.0275608965787524,24.3443217413438,0.631444831544222,0.0319925733150761,21.3219663940155,0.398592968880063,0.0148890954485352,31.8858980628055,1.52876135862738,0.0266779196535672,23.5651963206796,0.554838411672775,0.0286805787361172,23.157171816401,0.451591985189557,0.0328702889706187,21.2600798438437,0.192829289452212,0.0364063279832631,22.3774817994774,0.557059151220263,0.0269528814413004,34.6236408845911,0.396320476369722
0.00633848657605043,88.0799557224844,21.1469788602653,0.00659016689780929,80.9232424521551,22.6364494575253,0.0106876486580352,61.1215696663646,3.13374904631194,0.0147681410256913,52.7174586746289,9.67199598851814,0.0110307445690086,58.2840281172014,10.18977815727,0.0179421242015512,45.1315120192731,5.7412808198808,0.0176866278874999,48.192736083543,3.4212920697406,0.0205305635747545,42.2095924514446,2.15965496169908,0.00955476502831647,63.1222626144407,8.28312918486754,0.0171199959470485,46.650356461182,3.00622344663311,0.0184051604509453,45.8426191391385,2.44681403743383,0.0210938192056538,42.0870800146127,1.04478694869223,0.023362998150309,44.2991218253992,3.01825584950225,0.0172964469129676,68.5419789111923,2.14734215111647
0.00905279115824265,36.3307092449585,4.52123273019691,0.00941224753070403,33.3787496664014,4.83968215313795,0.0152643774050797,25.21107053165,0.669996827917154,0.0210922425877194,21.7445915762665,2.06787669853814,0.0157543958964062,24.0406578520848,2.17857873800874,0.025625407797756,18.6155843007423,1.22748818768012,0.0252605013259893,19.8782602467098,0.731473643941602,0.0293222841404338,17.4103678654571,0.461735114187537,0.0136463635805831,26.036304754224,1.77093640782135,0.0244512228714323,19.2420684463653,0.64273180254328,0.0262867281956407,18.9088976408994,0.52312984203798,0.0301267404619952,17.3598346461234,0.223375876985702,0.0333676407684285,18.2722448216982,0.645304335198387,0.0247032347239416,28.2717978962486,0.459102630248593
0.0222196388396938,34.8721559614034,3.94183311440498,0.0231019071517653,32.0387074283422,4.21947298731581,0.0374656773944064,24.1989325781093,0.584136194801702,0.0517698911226526,20.8716208552908,1.80287663414511,0.0386684041238452,23.0755079505907,1.89939211809773,0.0628963262747512,17.8682324826406,1.07018458780548,0.0620006809570593,19.0802163230772,0.637734707338967,0.0719701307769701,16.7114013507423,0.402563387421274,0.0334943405780023,24.9910364789787,1.54398948084046,0.0600143460613702,18.4695654400076,0.56036520438884,0.0645195052635807,18.1497702988873,0.456090331450146,0.0739446299800283,16.662896866727,0.194750078442245,0.0818992633152768,17.5386769052858,0.562608064912268,0.0606328969865157,27.1367822439103,0.400268258419317
0.0162115035925282,47.2757683972844,2.29813967192397,0.0168552087406591,43.434495813998,2.46000730759647,0.0273350511256235,32.8062059968533,0.340558954201981,0.037771440930011,28.2954089423885,1.05110038813479,0.0282125635296638,31.2831925484977,1.10737016318333,0.0458893156057257,24.2237509333552,0.62393145172221,0.045235850561125,25.8668230567177,0.371807580017181,0.0525095858696527,22.6554486830749,0.234699659840008,0.0244375539371786,33.8800518641847,0.900165830457378,0.0437866156959794,25.038970894335,0.326700159442486,0.0470735910207572,24.6054284129663,0.265906560289464,0.0539501853841073,22.589691729158,0.113541813767524,0.0597539055895526,23.7769763443018,0.328007776126877,0.0442379119847041,36.7890139580293,0.233361569956825
0.0100207771640288,60.345910956772,6.46751793122142,0.010418669056779,55.4426571096065,6.92305240068205,0.0168965484622571,41.8760065257732,0.95841482998088,0.0233475686301156,36.1181274553521,2.95804936959481,0.017438963063677,39.9319316422498,3.1164060541594,0.0283654506980283,30.920794445453,1.75589321274286,0.0279615259442847,33.0181201455612,1.04635598092783,0.0324576222046265,28.9189099461171,0.660501307649432,0.0151055255942618,43.2467342640664,2.53328321193026,0.0270657139328277,31.9613950077126,0.919412847330663,0.0290974839710146,31.4079927709305,0.748325033378742,0.0333480964678288,28.8349734302151,0.319533980225879,0.0369355358789358,30.3505018731103,0.923092795271506,0.0273446726067379,46.9599254705335,0.656735600795843
0.0123336975805919,22.551267280719,2.47638912383647,0.0128234278873955,20.7189212890933,2.65081161755067,0.0207964826957103,15.6490638858418,0.366973557140181,0.0287364788191923,13.4973444432413,1.13262635906639,0.0214640933558121,14.9225630903948,1.19326055838565,0.0349125506854415,11.5551010667663,0.672325133211266,0.0344153950580444,12.3388716932756,0.40064590440827,0.0399492464410833,10.806996817549,0.252903551553651,0.0185920693999957,16.1613048497322,0.969984940178875,0.0333128184556993,11.9439735030246,0.352039839650693,0.0358135463727175,11.7371670838728,0.286530937132431,0.041045253276268,10.775629741061,0.122348400382108,0.0454607184703369,11.3419827291159,0.353448878350531,0.0336561642726128,17.548924425505,0.251461676077625
0.00535719589968028,56.8811266560606,8.64969381275667,0.00556991241671942,52.259395064218,9.25892810076225,0.00903304391057437,39.471679079446,1.28178922936117,0.01248181621898,34.0443909089266,3.95611138648686,0.00932302354300093,37.6392240228345,4.16789848151364,0.0151644202525073,29.1454648255741,2.34834117502865,0.0149484785147444,31.1223717426364,1.3994022050532,0.0173521312510744,27.2585193150639,0.883358057116979,0.00807554728056243,40.7637059435144,3.38802680676222,0.0144695695083762,30.1263188957473,1.22962776470001,0.0155557717000326,29.60469046686,1.00081398768146,0.017828186650123,27.1794020473585,0.427346490743062,0.0197460634164602,28.6079158264104,1.23454934717936,0.014618703277104,44.2637028109827,0.878321780199229
0.0189263106610884,52.5663480338952,6.83824076947006,0.0196778118119923,48.2952028288245,7.31988680649563,0.0319126271408119,36.4775126997472,1.01335186606931,0.0440967132430468,31.4619172707602,3.12760691387033,0.0329370893242875,34.7840604788593,3.29504071892871,0.0535740215718789,26.9346044584287,1.8565422905517,0.0528111261149778,28.7615509895913,1.10633386783795,0.0613029340049733,25.1907952152286,0.698361723661064,0.0285299099477309,37.6715314859156,2.67849285068221,0.0511191998157252,27.8410547953735,0.972114261367611,0.0549566178428074,27.3589950481561,0.791219569313068,0.062984778862433,25.1176794723771,0.337849900695828,0.0697604003198355,26.4378318127993,0.976005146604607,0.0516460709792696,40.9060323523516,0.694380163747983
0.00810840081273188,72.8869179063757,3.62141453307263,0.00843035857047312,66.9646763664564,3.87648597865093,0.0136719922059067,50.5786225031437,0.536653694804617,0.0188918924507479,43.6241486627992,1.65632675324858,0.0141108917965271,48.230532563119,1.74499681261139,0.0229521562777602,37.3467128196983,0.983192820920357,0.0226253169769827,39.8799019571732,0.585895361465797,0.0262633731850722,34.9287993463951,0.369840340617872,0.0122227701504951,52.234213056819,1.41848368070015,0.021900462734357,38.6035696067154,0.514814969610473,0.0235444875000266,37.9351600531594,0.419016256338085,0.0269839083413059,34.8274192554013,0.178919488450804,0.0298867167922376,36.6579028035113,0.516875515417325,0.0221261846221136,56.7190747209393,0.367731775064301
0.0176257830091418,21.0706774794902,1.75767617416834,0.0183256445116894,19.358633054679,1.88147669424392,0.0297197404876188,14.6216340700476,0.260468224370095,0.0410665931124263,12.6111844648431,0.803908540222411,0.0306738064157522,13.9428312445166,0.846945107641236,0.0498926650873603,10.7964579014552,0.477198779693088,0.0491821922422936,11.5287705419601,0.284367974999653,0.0570904827646565,10.0974699838329,0.17950432048407,0.0265694678172499,15.1002441635543,0.68846991865851,0.0476065272142754,11.1597991533265,0.249868662624981,0.0511802558015261,10.9665704844277,0.203372158483547,0.0586567591004651,10.0681622937627,0.086839691803396,0.064966791504498,10.5973317192456,0.250868761408871,0.0480971942528071,16.3967604161168,0.17848091501603
0.0132515421646405,33.6884533270752,0.443133735749083,0.0137777170418422,30.951183547531,0.474345507152157,0.022344107719333,23.3775225031962,0.0656675325098855,0.0308749795629051,20.1631532567732,0.202676124228575,0.0230614003847397,22.2922314712183,0.213526220039394,0.0375106600806629,17.2617120861415,0.12030821208597,0.0369765073080826,18.4325562715973,0.0716929801637793,0.0429221748141993,16.1441485022496,0.0452554465311812,0.0199756472032892,24.1427391799101,0.173572499581936,0.0357918795644355,17.8426333601434,0.0629952408429418,0.0384787057346188,17.533693365215,0.0512728485830504,0.0440997438841624,16.0972904574613,0.0218934509130192,0.0488437975479867,16.9433429638341,0.0632473791587114,0.0361607763644545,26.2156496169268,0.0449974322877709
0.0186806137596803,56.7268409217624,1.57802444811944,0.0194223590998777,52.1176454257093,1.68917134209244,0.0314983449415659,39.3646151489515,0.233845819869948,0.0435242601115249,33.9520480852361,0.721741211018699,0.0325095077985855,37.5371304874534,0.760379019591248,0.052878536258767,29.0664099666704,0.428424388994609,0.0521255445307656,31.0379546739231,0.255302781824414,0.0605071137734471,27.1845826524898,0.161157220214899,0.0281595413853032,40.6531374883177,0.618101547602748,0.0504555824197049,30.0446035447023,0.224329637185697,0.0542431839909788,29.5243899932958,0.182585531322746,0.0621671253176146,27.1056799843618,0.077963824478508,0.0688547872552244,28.5303190283247,0.225227516075282,0.0509756138660618,44.1436408802083,0.160238416812635
0.011861836182861,60.4357911268465,9.65850253103828,0.012332830435406,55.5252342945622,10.3387914568751,0.0200008528913826,41.9383773232126,1.43128355570044,0.0276370814184628,36.1719223751236,4.41751033812318,0.0206429221680382,39.991406903299,4.65399803787743,0.0335768697303073,30.9668483738722,2.62222682949825,0.0330987342343591,33.0672978646008,1.56261366379387,0.0384208720715313,28.9619822355749,0.986383589427689,0.0178807758242885,43.3111466454389,3.78317038691911,0.0320383399000069,32.008998823341,1.37303852999682,0.034443395212556,31.4547723403693,1.11753833631241,0.0394749479842336,28.8779207032765,0.477187661415813,0.04372148674205,30.3957063986026,1.37853411375533,0.0323685500261825,47.029868338593,0.980759934485666
0.0209510151405664,26.3804487118844,1.49112169470386,0.021782910604647,24.2369723008786,1.59614766252052,0.035326585639166,18.3062584506023,0.220967790226212,0.0488141045208416,15.78917931304,0.681994489372043,0.0364606430421793,17.4563985853068,0.718504490637867,0.0593052791530643,13.5171450569917,0.404830800772077,0.0584607704395376,14.4339991103418,0.241243104408364,0.0678610174744685,12.6420134942306,0.152282195378519,0.031581991122169,18.9054773906213,0.584062324420165,0.0565878447464578,13.9720476233299,0.211975669433557,0.0608357832182369,13.7301256920339,0.17253043653337,0.069722783230283,12.6053203211936,0.0736703098741774,0.0772232491310484,13.2678394500844,0.212824101593827,0.0571710796897181,20.5287133087897,0.15141399103104
0.0105971708094448,50.719861002254,2.9295797956259,0.0110179493860111,46.5987474148703,3.1359224130156,0.0178684354729841,35.1961747969661,0.434131416657698,0.0246905173828951,30.3567611318257,1.33990222520996,0.0184420496834085,33.5622081154305,1.41163276365396,0.0299970272977351,25.9884782827468,0.795363744489328,0.0295698688508883,27.7512500480474,0.473965959330487,0.0343245799143756,24.3059234594115,0.299186072068428,0.0159743932300432,36.3482515368129,1.14749667386969,0.0286225298627867,26.8630879296951,0.416464759745956,0.0307711670181432,26.3979613936481,0.338967424854657,0.035266274127719,24.2353760378535,0.144738723949525,0.0390600625321256,25.5091556651703,0.418131659049692,0.0289175341990587,39.4691347728239,0.297480326706476
0.0216806429649938,35.2289639084062,1.55019286045446,0.022541509534939,32.366523851129,1.65937945873814,0.0365568486909284,24.4465333132749,0.229721485520404,0.0505140760326732,21.0851769140628,0.709011874784504,0.0377304001151232,23.311613932309,0.746968229050213,0.061370610189064,18.0510582120207,0.420868276062185,0.0604966911080096,19.2754429337331,0.250800011438362,0.0702243056593668,16.8823905151088,0.158314893337391,0.0326818471109577,25.2467419314723,0.607200102173012,0.058558539997947,18.6585439400458,0.220373139572097,0.0629544146954733,18.3354766912906,0.179365273723175,0.0721509081827028,16.8333897387111,0.0765887779649662,0.0799125809309957,17.7181306593538,0.221255182588507,0.059162086340914,27.4144427238482,0.15741229485354
0.00844300018886685,34.0669759083191,12.1782008637494,0.00877824378032179,31.2989502370617,13.0359627329005,0.0142361774464088,23.6401917351459,1.80467505995752,0.019671480876878,20.3897059198673,5.5699450346958,0.0146931885651343,22.5427064014933,5.86812735645408,0.0238992946036594,17.4556642320622,3.30631015908731,0.0235589680285523,18.6396639921895,1.9702664060984,0.0273471514153154,16.3255437329456,1.24371013437682,0.0127271521317824,24.4140063664429,4.77011925250659,0.022804202119869,18.0431127223183,1.73123514315328,0.0245160688279447,17.73070148568,1.40908037129124,0.0280974200071953,16.2781591923905,0.601675795160752,0.0311200150743974,17.1337179226162,1.73816440808433,0.0230392385943817,26.5102079709611,1.23661938720848
0.00558495885523716,74.4432713364444,4.91286717641428,0.00580671908535378,68.3945722483243,5.25890105935641,0.00941708676009388,51.6586271854932,0.728032733681575,0.013012484763866,44.5556545537793,2.24699858719228,0.00971939497250325,49.2603985108747,2.36728976628705,0.0158091405951447,38.1441767030441,1.33381464449127,0.0155840180229785,40.7314569959193,0.794834743129077,0.018089862850397,35.67463355413,0.501731147688797,0.00841888184416687,53.3495695431824,1.92433698256529,0.0150847480418064,39.4278711370323,0.698405980046716,0.0162171304789003,38.7451890427893,0.56844395838903,0.0185861579021905,35.571088695344,0.242724955677743,0.0205855738335825,37.4406585353513,0.701201348477347,0.0152402222820373,57.9301964013161,0.498870634924281
0.0109900724405313,29.0973578751613,6.48386120301841,0.0114264518403768,26.7331259051454,6.94054679779891,0.0185309271482188,20.1916108141256,0.960836722618399,0.0256059451632476,17.4152989603869,2.96552429356879,0.0191258087292409,19.2542243081448,3.1242811419001,0.0311091997034606,14.9092690374356,1.76033031524919,0.0306662038927063,15.920549429251,1.04900009886837,0.0355972010391285,13.9440081145598,0.662170379541922,0.016566661229546,20.8525430118199,2.53968476141364,0.0296837412814878,15.4110217906064,0.92173618283856,0.0319120414957996,15.1441844411115,0.750216033843381,0.0365738095894266,13.9035359300609,0.320341435379887,0.0405082568242787,14.6342875712864,0.925425429924768,0.0299896832243137,22.6429551819315,0.658395156832132
0.0196318450987684,71.6852636522253,5.57607930878433,0.0204113606868974,65.8606594791335,5.96882600954497,0.0331022650923317,49.7447552105516,0.826313457422322,0.0457405491886035,42.9049366926665,2.55033199127832,0.0341649171461675,47.4353771868297,2.6868618689839,0.0555711523313186,36.7309941471655,1.51387285139869,0.0547798176805973,39.2224197200522,0.902133399075478,0.0635881829288567,34.3529437397569,0.569462305968966,0.0295934470698082,51.3730507778412,2.18411270777371,0.0530248198038189,37.9671296943722,0.792687242424512,0.0570052889843119,37.3097399123557,0.645181007496721,0.0653327235481593,34.2532350573112,0.275491592685006,0.0723609264177812,36.0535402358876,0.79585997140471,0.0535713316546984,55.7839725189579,0.566215638500465
0.00732857165541186,42.0273906905669,1.26160518036656,0.00761956497852404,38.6125617183526,1.35046533547069,0.0123570821013054,29.1641845970328,0.186955974038662,0.0170749560522766,25.1541592381485,0.577020496602792,0.0127537703230251,27.8102503641054,0.607910803474292,0.0207447221483744,21.5345213622288,0.342518412306669,0.0204493167668606,22.9951858083576,0.20411047021199,0.0237374812549228,20.1403261195512,0.128842607045086,0.0110472396400139,30.1188161416442,0.494162251654287,0.0197941757126011,22.2592386742972,0.179347938950186,0.0212800856443799,21.873826445937,0.145974197327088,0.0243887186128998,20.0818692549337,0.0623308244434945,0.0270123481331851,21.1373460049301,0.180065778689483,0.0199981886945472,32.7048362226859,0.128108038494252
0.00887643082275749,47.5309488989169,15.4790699730708,0.0092288845100435,43.668942271575,16.5693259264231,0.0149670071605799,32.9832841150255,2.29382745811747,0.0206813378276424,28.4481391230413,7.07966389311715,0.0154474794441111,31.4520498941913,7.45866774392145,0.0251261909885798,24.354503518118,4.20247677614924,0.0247683933771255,26.006444454889,2.50430190032177,0.0287510472944927,22.7777360399101,1.58081447429083,0.0133805143836718,34.0629262821611,6.0630474497453,0.0239748807363658,25.1741237933737,2.20048184625348,0.0257746279911453,24.7382411789596,1.79100787619811,0.0295398317437802,22.7116241495626,0.764758426847702,0.0327175950292301,23.9053173730473,2.20928927010283,0.0242219830649418,36.9875900860255,1.57180179887119
0.0145888570560042,48.2245860339712,1.16035224729585,0.0151681322810749,44.3062196815531,1.24208073277986,0.0245990232315087,33.4646216693605,0.17195140603189,0.0339908108697092,28.8632935892586,0.530710431748768,0.0253887034085723,31.9110415677341,0.5591215682563,0.0412961488703831,24.7099180098821,0.315028834412977,0.0407080906392411,26.3859663462571,0.187729129915495,0.0472537811159855,23.1101401668159,0.118502056712215,0.0219915431750703,34.5600194634516,0.454502159755898,0.0394039130120695,25.541499314167,0.16495397074088,0.0423618874458473,25.0992556997122,0.134258713067809,0.0485501877245012,23.043063480619,0.0573283253305902,0.0537730002777617,24.2541767213104,0.165614198653426,0.0398100380212972,37.5273639936408,0.117826442596152
0.0143363020252329,38.4754057888882,2.49352605209872,0.0149055491259803,35.3491843355281,2.66915557169319,0.0241731771871388,26.6993457941403,0.369513060912961,0.0334023788731392,23.0282315428948,1.14046427778297,0.0249491868140934,25.4598406008037,1.20151807348713,0.0405812504990675,19.7145108051451,0.676977708796359,0.0400033724392775,21.0517258061902,0.403418425114455,0.0464357471810452,18.4381472995944,0.254653676353718,0.0216108365273894,27.5732957456904,0.976697359554049,0.0387217720859457,20.3779779442154,0.35447600019569,0.0416285395388561,20.0251391969485,0.288513767725286,0.0477097110437275,18.3846309724956,0.123195066901586,0.0528421088660713,19.3509031009712,0.355894789622861,0.0391208664611896,29.9407558796984,0.253201822915684
0.00759277225683725,45.7415104058482,6.13898973146456,0.00789425611133699,42.0249000619709,6.57138457908408,0.0128025643421207,31.7415340639426,0.909730573970719,0.0176905212497585,27.3771275740986,2.80779039165003,0.0132135534769902,30.2679475341421,2.95810308823457,0.0214925852144271,23.4376085878783,1.66669973198528,0.0211865302434531,25.0273574841155,0.993204609663809,0.0245932355708738,21.9202030303871,0.626950058492224,0.0114455010604132,32.7805300143001,2.40460092887511,0.0205077708541765,24.2263719140468,0.872709761111337,0.022047248973059,23.8068993471231,0.710312633774543,0.0252679505326375,21.8565801112085,0.303302726690734,0.0279861638995124,23.005333339753,0.876202780050194,0.0207191386598267,35.5950864857599,0.623375636905499
0.0154941227068363,31.2460418738435,3.42742580055817,0.0161093430345029,28.7072240385081,3.66883380441323,0.026125438268,21.6826531022285,0.507906704062848,0.0361000037561812,18.7013254913522,1.56760210586063,0.0269641195653497,20.6760456245491,1.65152236586446,0.0438586515352936,16.0102386838973,0.930526016994482,0.0432341031997316,17.0961967150158,0.554510636652089,0.0501859659164828,14.973698412964,0.350029060176496,0.0233561592357226,22.3923916019758,1.34249960077821,0.0418489989308135,16.5490431898994,0.487237816395299,0.0449905211669078,16.2625013316456,0.396570763913054,0.0515628169606178,14.9302375744575,0.169335287451518,0.0571097147240528,15.714951309604,0.489187984705814,0.0422803247504533,24.3150161192521,0.348033444398607
0.0100839310809386,56.881313087489,1.46308295753342,0.010484330606692,52.2595663476337,1.56613403925048,0.0170030355340861,39.4718084503278,0.21681275860452,0.0234947119489597,34.044502491534,0.669170409146326,0.0175488685935864,37.6393473877309,0.704993884065427,0.0285442182015033,29.1455603516468,0.397218447963005,0.0281377477938729,31.1224737481443,0.236706820064362,0.032662179789557,27.2586086565554,0.149418713164343,0.0152007251074975,40.7638395490945,0.573079739924387,0.0272362901087908,30.1264176366301,0.207989723750596,0.0292808649658127,29.6047874980733,0.169286210672367,0.0335582660863081,27.1794911295382,0.0722850289389168,0.0371683146071457,28.6080095906328,0.208822202171856,0.0275170068631997,44.2638478880201,0.148566834347903
0.00699141047075221,66.1533674657991,7.74405328567424,0.00726901623921368,60.7782434783265,8.28949950514815,0.0117885772635126,45.9059910402894,1.14758329116077,0.0162893988275825,39.5939960114621,3.54189848152012,0.0121670152890052,43.7748259271654,3.73151103713298,0.0197903322039415,33.8964918227809,2.10246507980944,0.0195085173599935,36.1956560169235,1.25288194918985,0.0226454052437897,31.701953720547,0.790868672663846,0.0105389959358679,47.4086323017964,3.0332935122125,0.01888351698585,35.0372357487379,1.10088323789424,0.0203010655538525,34.4305762262316,0.89602672850951,0.0232666815166556,31.6099394797769,0.382602444363918,0.0257696072929154,33.2713165043037,1.10528952068239,0.0190781440653428,51.4791666339097,0.78635970417817
0.0138461113177318,66.1994767463221,3.51707170638988,0.014395894567999,60.8206062662781,3.76479384815482,0.0233466413896189,45.9379877820979,0.521191238641626,0.0322602757210693,39.6215932561536,1.60860346342195,0.0240961174860022,43.8053372345387,1.69471869661074,0.0391936854311438,33.9201178740324,0.954864355020605,0.0386355663339147,36.2208845989433,0.569014118626198,0.044848003582734,31.7240501660225,0.359184232014741,0.0208719129731558,47.4416763932729,1.37761329828579,0.0373977868057041,35.0616569051171,0.499981746664805,0.0402051652814728,34.4545745374076,0.406943255522229,0.0460784077292441,31.6319717907933,0.173764330154759,0.0510353172202676,33.2945068047349,0.501982922528771,0.0377832352383739,51.5150479114069,0.357136419983888
0.0106732718975819,36.7561273242462,3.19817899360003,0.011097072196466,33.7696014792952,3.42344018136678,0.0179967534370193,25.5062820875282,0.473934855534404,0.0248678265225978,21.9992120495663,1.4627514691843,0.0185744869228965,24.322164343447,1.54105863855847,0.0302124438895107,18.833565349905,0.868286852501781,0.0297822179048091,20.1110267263488,0.51742163742237,0.0345710738067835,17.6142363120398,0.326617015960994,0.0160891095754711,26.3411794728982,1.25270517057614,0.0288280758247195,19.4673853743885,0.454648427116707,0.0309921429121281,19.130313272001,0.370045731235406,0.0355195305754934,17.5631113689121,0.158009127174823,0.0393405631784629,18.4862055028374,0.456468156466838,0.0291251986652035,28.6028493458072,0.324754878942855
0.00795881491733923,52.6892433298319,2.39948414763778,0.00827483311429868,48.4081125793772,2.56848990066349,0.0134197677237732,36.5627937756815,0.355577087818877,0.0185433698859199,31.5354723450301,1.0974523218573,0.013850570380144,34.8653824189658,1.15620350868446,0.0225287289056685,26.9975750909658,0.651445882906981,0.0222079192216534,28.8287928553984,0.388203730661809,0.0257788596188766,25.2496889818426,0.245049559050782,0.0119972812952489,37.7596040681571,0.939861778992489,0.0214964372793637,27.9061446255832,0.341107141219446,0.0231101326468819,27.4229578669315,0.277632636502594,0.0264861021544078,25.1764023010965,0.118548835633271,0.0293353588370791,26.4996410364963,0.342472421817364,0.0217179949907963,41.0016669006808,0.243652461432201
0.017006276898492,18.8234015149556,0.681317084482748,0.01768153986393,17.2939537954396,0.729305110169705,0.0286751593289006,13.0621755837306,0.100963677972251,0.0396231959388925,11.2661488455688,0.311614067974877,0.0295956920135955,12.4557699213169,0.328296064960933,0.0481390515950014,9.64497046742905,0.184973595294398,0.0474535502515549,10.2991788990335,0.110227789677299,0.0550838823818931,9.02053253749941,0.0695801434198368,0.0256356115646817,13.4897399070874,0.266867313005727,0.0459332662589601,9.96955985367815,0.096855035771197,0.0493813864294694,9.79693983125962,0.0788318850305487,0.0565951076734164,8.99435063527041,0.0336611296815608,0.0626833568164919,9.46708192618401,0.0972426978432262,0.0464066874691217,14.6479772735131,0.0691834471227739
0.00391450260676138,67.7312021465664,8.11553070888644,0.00406993454840469,62.2278752063833,8.68714164451563,0.00660044444838085,47.0009022669297,1.20263214841881,0.0091204620927209,40.538358822461,3.71180115040132,0.00681233254213327,44.8189063895568,3.9105093024634,0.0110806406411249,34.7049625386819,2.20331902301333,0.0109228520309619,37.0589644703617,1.31298191763081,0.0126792008892656,32.4580821527727,0.828806151369462,0.00590080173896068,48.5393832685132,3.17879871681219,0.0105729132590866,35.8729145327569,1.15369192262101,0.0113666011118983,35.2517854757326,0.939008573798685,0.0130270545305054,32.3638732654445,0.400955645833996,0.0144284469271736,34.0648760624383,1.15830957205602,0.0106818852917269,52.7070045741926,0.824080890467836
0.0151459971687754,35.4875919545399,1.34228021201875,0.0157473945836093,32.604137731728,1.43682264866167,0.0255384458692557,24.6260037956312,0.198911123999882,0.0352889005095238,21.2399705129277,0.613918844478841,0.026358283480943,23.4827525777488,0.64678447336343,0.0428732251931095,18.1835772928588,0.364421210570599,0.0422627093542222,19.4169506475924,0.217162587388705,0.0490583760091127,17.0063300009348,0.137081619981362,0.0228313876397557,25.4320870229134,0.52576211816874,0.040908725928866,18.79552278437,0.190816582925916,0.0439796637156524,18.4700837868591,0.155308712730984,0.050404291645052,16.9569694928375,0.0663166524292552,0.0558265604246458,17.8482056035243,0.19158032588802,0.0413303606200771,27.6157016588526,0.136300078461479
0.00851556313060372,19.7793314304762,0.940749029176607,0.00885368795629415,18.1722120516617,1.00700993706413,0.0143585295595784,13.7255266997524,0.139408631014448,0.0198405464328197,11.8382903209355,0.430270484333586,0.0148194684374464,13.0883252583089,0.453304652750592,0.0241046958926661,10.1347818225554,0.255407847769767,0.0237614443978754,10.8222136548433,0.152200331518074,0.0275821851367922,9.47863236072593,0.0960748730114049,0.0128365350025577,14.1748045017905,0.368485058347989,0.0230001916914388,10.4758551957359,0.13373549988372,0.0247267709520931,10.294468817071,0.108849493135716,0.0283389018744618,9.45112083358476,0.0464786158899235,0.0313874744833966,9.9478593679622,0.134270775933912,0.0232372481751454,15.3918619357242,0.095527122683636
0.00490722484283584,47.6140083300941,3.16014656112564,0.00510207449859666,43.7452529194625,3.38272896483122,0.00827432453740267,33.0409217780727,0.468298868484761,0.0114334214728167,28.4978517062812,1.44535657146598,0.00853994768854504,31.5070117544968,1.52273251962412,0.0138907034918674,24.3970625508257,0.857961269989904,0.0136928995138164,26.0518902230338,0.511268509806489,0.0158946604055495,22.817539701373,0.322732918282478,0.00739725165492574,34.1224505994063,1.23780812294197,0.0132542158782884,25.218115096958,0.449241792391601,0.0142491838576294,24.7814707859473,0.365645183513153,0.0163307301189824,22.7513122817517,0.156130098054927,0.0180875171936961,23.947091461491,0.451039881697892,0.0133908233401977,37.0522251977648,0.320892925616028
0.0029357172120818,97.9767237587207,20.879189520244,0.00305228482544892,90.0158737179159,22.3497985888262,0.00495006398540447,67.9892615496866,3.09406561945226,0.0068399743818008,58.6408547036472,9.54951714936247,0.00510897140899124,64.8328904748396,10.0607425164945,0.00831002830215415,50.2025421068295,5.668577583556,0.0081916932835682,53.6077289288292,3.37796741559354,0.00950888325422666,46.9523121993086,2.13230672530613,0.0044253605043531,70.2147547245161,8.17823790406642,0.00792925348496014,51.8920457072427,2.96815490747912,0.00852448698576173,50.9935500640251,2.41582943577659,0.00976975928994802,46.8160341201245,1.03155655728256,0.0108207463994401,49.2766235659346,2.9800349411023,0.00801097806251063,76.2434367566747,2.1201498348406
0.00415052589175986,52.1309854713809,7.49616044468896,0.00431532953682137,47.8952145464515,8.02414652953284,0.00699841546479198,36.1754003408504,1.11084830602845,0.0096703765109946,31.2013448430204,3.42851970626173,0.00722307926186188,34.4959735511739,3.61206262452017,0.0117487431989028,26.711527930271,2.03516362636123,0.0115814407909865,28.5233434098553,1.21277627657286,0.0134436879635292,24.9821611828701,0.765552384812939,0.00625658809305548,37.3595300801689,2.93619555607168,0.0112104026083345,27.6104709063996,1.06564315581223,0.0120519455357501,27.1324036519971,0.867344253953213,0.0138125152934726,24.9096509958229,0.370355058737487,0.0152984040541137,26.2188696319395,1.06990839024776,0.0113259450637592,40.5672423139847,0.761187751724579
0.0238379667734129,40.4014208157079,3.54695204402143,0.0247844935311216,37.1187058992411,3.79677878354629,0.0401944234699168,28.0358707807233,0.525619175141449,0.0555404592013611,24.1809866362669,1.622269836648,0.0414847486647008,26.7343180123387,1.70911668763072,0.0674772684976689,20.7013865320822,0.962976691561401,0.0665163904438924,22.1055402991596,0.57384834874746,0.0772119474361012,19.3611303854802,0.362235789395567,0.0359338413894218,28.9535692179582,1.38931722527815,0.0643853843737254,21.3980657361964,0.504229491563726,0.0692186688454504,21.0275644661998,0.41040056401264,0.0793302557819843,19.3049351197696,0.17524059714241,0.0878642507091021,20.3195772290493,0.506247669017499,0.0650489863569827,31.4395404813488,0.360170579563362
0.00935453374355218,54.5932092982723,8.01544959901086,0.00972597131531846,50.1573766249928,8.58001140145247,0.0157731611183939,37.8840181976043,1.18780123168603,0.0217952774525632,32.6750306751387,3.66602704244769,0.0162795126327448,36.1252695877152,3.86228471614759,0.0264795395968162,27.9731530449295,2.17614758824915,0.0261024702660746,29.870543259068,1.29679016230677,0.0302996381596591,26.162105738982,0.818585274574561,0.0141012165596148,39.1240761422294,3.13959762016656,0.0252662173934796,28.9145544322088,1.13946453907554,0.0271629027573238,28.4139073517394,0.927428675500037,0.0311309081706112,26.0861707881667,0.396011041779697,0.0344798323583094,27.4572257638672,1.14402524343855,0.0255266291644865,42.4832933863667,0.813918285814641
0.00957811642680866,36.9549274333686,1.97952836257541,0.00995843172687594,33.9522485900716,2.11895486467677,0.0161501553954971,25.6442360024654,0.293344271981282,0.022316206314306,22.1181975378219,0.905377099419248,0.0166686092158904,24.4537138095514,0.953845700795018,0.027112426994174,18.935429042282,0.537430348588414,0.0267263453304768,20.219799728262,0.32026062604296,0.0310238297214359,17.7095051109002,0.202161182375457,0.014438249694778,26.4836490347057,0.775367926580302,0.0258701051804544,19.5726771615949,0.281406843794176,0.0278121232155539,19.2337819626079,0.229041595825719,0.031874967914454,17.6581036521271,0.0978005137968409,0.0353039347292285,18.5861904560618,0.282533174080256,0.0261367410524277,28.7575514318293,0.201008603658073
0.00827265008958757,27.3527239260693,3.83786472763162,0.00860112964245321,25.1302477600035,4.10818167010559,0.0139489413707125,18.9809521053756,0.568729226503747,0.0192745794620509,16.3711037475351,1.75532460193997,0.0143967316096909,18.0997698887592,1.84929442785128,0.0234170907522599,14.0153316211776,1.04195778014657,0.0230836307725052,14.9659771570317,0.62091404375757,0.0267953819193551,13.1079462959078,0.391945518843514,0.0124703628885403,19.6022557995099,1.50326576401658,0.0223440933897725,14.4870000316054,0.54558521127058,0.0240214206382781,14.2361618494854,0.44406065525444,0.0275305127253468,13.0699007629067,0.189613419712165,0.0304921224368387,13.7568376314265,0.547768914903392,0.0225743876534748,21.2853175404778,0.389710925346955
0.024245346935639,36.2802754979558,0.82655481215751,0.0252080494111752,33.3324137855192,0.884772541407036,0.0408813281421737,25.1760729007399,0.122486307450285,0.0564896207424704,21.7144060595775,0.378041463052632,0.0421937044159012,24.007284970545,0.398279594752632,0.0686304247566925,18.5897424251379,0.224404787131874,0.0676531257278745,19.850665543249,0.133725268404838,0.0785314649927494,17.3861990532759,0.0844126819716234,0.0365479346245444,26.000161545513,0.323755952692558,0.0654857017195997,19.2153568948432,0.117501817761034,0.0704015848555015,18.8826485921046,0.0956366358740525,0.0806859742783264,17.3357359834012,0.0408367401238367,0.089365811351752,18.2468795648216,0.1179721185335,0.0661606443631642,28.2325514094048,0.0839314211302761
0.017365902360869,16.7169036838188,2.3567401714509,0.0180554448630699,15.3586140996397,2.52273528659018,0.0292815423422986,11.600407660691,0.349242901952597,0.0404610930427343,10.0053715046828,1.07790250488606,0.0302215411920067,11.0618639206641,1.13560710870781,0.0491570303561126,8.56561669840513,0.639841143891125,0.0484570329687014,9.14661367345157,0.381288339686877,0.0562487209170614,8.01105865410782,0.240684290571311,0.0261777183830813,11.9801239200777,0.923119251420566,0.0469046000914891,8.85388178707175,0.335030720362149,0.0504256363869124,8.70057940512041,0.272686938980461,0.0577919035321932,7.98780672817542,0.116437028138198,0.0640088986333765,8.40763538944322,0.336371680098675,0.047388032565293,13.008744729242,0.239312080596768
0.0102289241060287,85.488702821164,30.3155052627334,0.0106350808248864,78.5425352291738,32.4507537078323,0.0172475157410622,59.3234143036367,4.49242354349066,0.0238325335119748,51.1665465900308,13.8654058921861,0.0178011971273566,56.5693513133758,14.6076787324564,0.0289546447021058,43.8037733697512,8.2304820021815,0.0285423298104604,46.774938286363,4.90463429461562,0.0331318168998974,40.9678147052344,3.09599928149053,0.0154192905755881,61.2652482143322,11.8743792224419,0.0276279104068082,45.2779344324001,4.30960769004216,0.029701883431188,44.4939601976798,3.50765961979236,0.0340407876820604,40.8489065016789,1.49776686546123,0.0377027437230464,42.9958715340653,4.3268568855378,0.0279126634810896,66.525520112377,3.07834810415296
0.0120501473192834,49.0622638668499,4.00943882031368,0.0125286187837522,45.0758341280047,4.29184044722366,0.0203183739968279,34.0459137874172,0.594154614823613,0.0280758305403591,29.3646590381306,1.83379746310467,0.0209706363661283,32.4653474590595,1.93196826762373,0.0341099152385192,25.1391378803139,1.08853914072828,0.0336241891607068,26.8442997592546,0.64867238628701,0.0390308179492683,23.5115713396791,0.409467683262758,0.0181646399043244,35.1603390221928,1.57047018048915,0.0325469606651775,25.9851640410947,0.569975932217711,0.0349901971405823,25.5352385012357,0.463912658758508,0.0401016277158138,23.4433295081124,0.198090203746065,0.0444155818827641,24.6754802070439,0.572257259658571,0.032882413002016,38.1792273589727,0.407133190895629
0.0148282970169488,45.1144562877079,9.45356000221876,0.0154170796103304,41.4487956348438,10.1194139644221,0.0250027552811969,31.3064006484894,1.40091333315089,0.0345486858557945,27.0018242569175,4.32377575174481,0.0258053961028146,29.8530149929878,4.5552454492708,0.0419739228889186,23.116310737108,2.56658613407484,0.0413762131381711,24.6842663304273,1.52945676449227,0.0480293349144403,21.6197067534011,0.965453642310756,0.022352479896757,32.3311533724291,3.70289577876337,0.0400506306648957,23.8942611870176,1.34390420119171,0.0430571529239198,23.4805390205114,1.09382543341047,0.0493470188270325,21.5569560182217,0.467062277513106,0.0546555509146591,22.689961396809,1.34928317486195,0.0404634212104278,35.1071260889908,0.959949314983063
0.00479727948708367,54.5998817543502,15.2621234962122,0.00498776357668297,50.1635069275856,16.3370989974207,0.00808894001070796,37.8886484336854,2.26167838285482,0.0111772580338969,32.6790242617006,6.9804390597372,0.00834861193019013,36.1296848671561,7.35413099255865,0.013579485158497,27.9765719616308,4.14357707918737,0.0133861129375862,29.8741940773745,2.46920292633883,0.0155385438327784,26.1653033070255,1.55865861277195,0.00723151776442009,39.1288579398742,5.97807097599482,0.0129572579180103,28.9180884082644,2.16964105383078,0.0139299338459467,28.4173801380298,1.76590605487144,0.015964843494642,26.0893590753376,0.754039976279216,0.0176822701189798,27.4605816232366,2.1783250374749,0.0130908047180427,42.4884857520987,1.54977225425525
0.0103548075084,28.1339874063462,0.509717990792661,0.0107659626404961,25.8480316589039,0.545619571117529,0.0174597742289963,19.523096454176,0.0755345847787212,0.0241258312600585,16.8387041782763,0.233129772096451,0.0180202695574037,18.6167454285162,0.245610178326977,0.0293109782863395,14.4156451983259,0.13838544708553,0.0288935891952112,15.3934435925886,0.08246540232656,0.0335395573225335,13.4823426364735,0.0520554257493046,0.0156090498053651,20.1621461646741,0.199653103806704,0.0279679163865544,14.9007856601978,0.0724607607174951,0.0300674129926941,14.6427829005506,0.0589769887814794,0.0344597144556293,13.4432104261235,0.0251831104486722,0.0381667367695678,14.1497679616774,0.072750784756172,0.0282561738064987,21.8932804368029,0.0517586428796261
0.0087421812998903,73.8483366788752,5.71491775883679,0.00908930438298463,67.8479774965132,6.11744343514229,0.0147406421260092,51.2457825170181,0.846887784531564,0.0203685477219056,44.1995753190971,2.61383254806389,0.0152138476177292,48.8667199715835,2.75376187465762,0.0247461757303029,37.8393366241803,1.55156667686734,0.0243937895459842,40.4059399278871,0.924595562171129,0.0283162087362603,35.3895295344327,0.58364131231837,0.0131781438917935,52.9232112260661,2.23849479351798,0.023612278203442,39.1127720475849,0.812424312509079,0.0253848055975522,38.4355458022142,0.661245329060981,0.0290930633977675,35.2868121839493,0.282351040625536,0.0322227653381368,37.1414408227896,0.815676039069773,0.0238556432900597,57.4672306968245,0.580313806279576
0.00620794417155168,35.9109333420659,3.2558104282191,0.00645444108651883,32.9930815891787,3.4851308401384,0.0104675343866681,24.9197742669953,0.482475198553068,0.0144639881942008,21.4933480483624,1.48911036461477,0.0108035641684236,23.7628848863013,1.56882863528159,0.0175726025488691,18.40049426066,0.883933449227823,0.0173223682327374,19.6485808703251,0.526745615638497,0.0201077324931381,17.2092032572702,0.332502680033737,0.00935798272291097,25.7354734860398,1.27527901534202,0.0167674061909416,19.0197398207078,0.462841227192773,0.0180261024736783,18.6904185705792,0.376713984140711,0.0206593877611553,17.1592539138974,0.160856463956227,0.0228818325095447,18.0611218288552,0.46469374820756,0.0169402231137669,27.9451370703265,0.330606987161461
0.0127439986303398,73.137282873358,1.59031400335967,0.0132500206337464,67.19469856343,1.70232650235856,0.0214883124268481,50.752358963907,0.235666996420422,0.0296924457827515,43.7739966582052,0.727362086216506,0.0221781322706009,48.3962033863552,0.76630080361425,0.0360739749949006,37.4749979604421,0.431760931214273,0.0355602806552093,40.0168885471342,0.257291063846251,0.0412782248471382,35.0487790073038,0.16241230251895,0.0192105656410426,52.4136364348813,0.6229152836145,0.0344210250006648,38.7361720230008,0.226076702303414,0.037004943808556,38.0654664972647,0.184007495967167,0.0424106921802448,34.9470506779174,0.0785710018443658,0.0469730451987001,36.7838218969325,0.226981573817369,0.0347757927896339,56.9139035006115,0.161486343533525
0.0274440118261277,82.3538948761308,14.6814353673385,0.0285337226969926,75.6624381481064,15.7155105631251,0.0462747617503643,57.1480682713713,2.1756268063111,0.0639422411164176,49.2903069059887,6.71484966797782,0.0477602785413642,54.4949947482339,7.07432349613649,0.0776847695211252,42.1975211720873,3.98592365556291,0.0765785363879907,45.0597356533874,2.37525552593541,0.0888920443046382,39.4655550289205,1.49935529540409,0.0413696678673698,59.0186965587469,5.75061934711853,0.0741251662517238,43.6176258312706,2.08709128254966,0.0796895970382035,42.8623993559454,1.69871745670392,0.0913307958914824,39.3510071018568,0.725350517500416,0.101155755374401,41.4192445033501,2.09544486091205,0.074889153417637,64.086078149712,1.49080704206003
0.0318051398869626,28.4373017849392,1.75523292239036,0.033068016717937,26.1267009974245,1.87886135397476,0.053628284378781,19.7335762480169,0.260106161402153,0.0741033029820154,17.0202433614847,0.802791069894769,0.0553498646507003,18.8174537920169,0.845767814479667,0.0900296566463934,14.5710612224463,0.47653545115506,0.088747632000367,15.5594013258547,0.283972690264768,0.103017879523557,13.6276966639597,0.179254801114903,0.0479437220015413,20.3795155957012,0.687512913393506,0.0859043968030924,15.0614320157177,0.249521333541733,0.0923530713145507,14.8006477112582,0.203089461707479,0.105844173137645,13.5881425666624,0.0867189805856435,0.117230416982667,14.3023175457284,0.250520042141715,0.0867897891734813,22.1293133408894,0.178232818228148
0.00372677386837195,65.7141171049886,2.79536971062007,0.00387475172318959,60.3746832908411,2.99225934766714,0.00628390535425333,45.601180810663,0.414242962204152,0.00868306990929566,39.3310966655904,1.27851854424198,0.00648563187998145,43.484166376193,1.34696295896392,0.0105492437059147,33.6714232157888,0.758926493004369,0.0103990222018937,35.9553212376936,0.452252602422921,0.0120711414176442,31.4914565811936,0.28547974182106,0.00561781557769772,47.0938447158906,1.09492748754,0.0100658655274537,34.8045927400144,0.397385651236642,0.0108214903019509,34.2019613633812,0.323438628891537,0.0124023129585575,31.400053303856,0.138107944861717,0.0137364984446567,33.050398985831,0.398976186449669,0.0101696115622439,51.1373511922413,0.283852140167761
0.00227264543050935,116.563786414557,15.9428512811305,0.00236288465817539,107.092691768447,17.065773301181,0.00383202450524206,80.8874338488559,2.36255473313075,0.00529507285634549,69.765550434979,7.2917835997071,0.00395504051938751,77.1322708907682,7.6821431005596,0.00643309504422655,59.7264143065148,4.32839068310385,0.00634148760392139,63.7775955891091,2.57933537540318,0.00736117225052497,55.8595866539444,1.62817857342352,0.00342583246342134,83.5351230258968,6.24470746433035,0.00613832341404785,61.7364318828339,2.26641231564166,0.00659911530848361,60.6674835629417,1.8446697549165,0.00756312587469271,55.6974554016877,0.787671991045692,0.00837673320787919,58.6248407194663,2.27548362605272,0.00620158938086716,90.7075000742289,1.61889586172893
0.0304232166348558,24.6417801907256,0.576676681122743,0.0316312218676082,22.6395748779624,0.617294443420304,0.0512981524121546,17.0997393479184,0.0854571242275339,0.0708835379436375,14.7485545175206,0.263754675471461,0.0529449305666619,16.3058915926262,0.277874560141199,0.0861178965868238,12.6262642814899,0.156564339070842,0.0848915755055173,13.482690807679,0.0932984029996241,0.09854178529469,11.8088104222683,0.0588936445206843,0.0458605824693164,17.6594652861439,0.225880371811201,0.0821718779768173,13.0511853724966,0.0819795097622754,0.0883403596237158,12.8252079026129,0.0667244530651684,0.101245277346625,11.7745356032783,0.0284912693218928,0.112136792503784,12.3933897753425,0.0823076325734988,0.0830188003292082,19.1757178385569,0.0585578750101082
0.0108596819764211,38.6339040708606,6.33035162217911,0.0112908840025249,35.4948042418405,6.77622489201386,0.0183110690713662,26.8093329496073,0.93808829572803,0.0253021463400934,23.1230956531381,2.89531360012233,0.0188988927475509,25.5647216517446,3.0503117780442,0.0307401081429292,19.795724142041,1.71865336375818,0.0303023682055713,21.138447760239,1.02416434738703,0.0351748620973582,18.5141026952509,0.646493070262019,0.0163701079622073,27.6868831118117,2.47955609255702,0.029331561910227,20.4619244141228,0.899913486355468,0.0315334247101638,20.1076321582025,0.732454187115291,0.0361398837866218,18.4603659092453,0.312757146029626,0.0400276512198853,19.4306185668183,0.903515388146013,0.0296338740396798,30.0640959269464,0.642807228376033
0.01121407441783,42.8214247035981,0.928842455912771,0.0116593481947551,39.3420785127778,0.994264733804596,0.0189086284186009,29.7151908372932,0.137644208169136,0.0261278509448707,25.6294030654741,0.424824773643384,0.0195156350016307,28.3356763859729,0.447567410519754,0.0317432739812657,21.9413784650609,0.252175282912069,0.0312912489363475,23.4296396102185,0.150274010744099,0.0363227507079057,20.5208423426546,0.0948589030992964,0.0169043264171721,30.6878584746498,0.363821333796831,0.0302887615647168,22.6797880427246,0.132042878921108,0.0325624794645553,22.2870941246538,0.107471841472459,0.0373192646999101,20.4612810378603,0.0458903601191156,0.0413339046691553,21.5366991743118,0.132571380259543,0.0306009392808283,33.3227368804409,0.0943180853637552
0.0124131035052533,88.0683799630922,9.96026668329895,0.0129059867584943,80.9126072517151,10.6618101266282,0.0209303731148135,61.1135368673206,1.47600167504064,0.028921487950253,52.7105303716753,4.55552824079522,0.0216022819378493,58.2763682372622,4.7994046128625,0.0351373221581771,45.1255806865441,2.70415402822247,0.0346369657791777,48.1864024346126,1.61143497807632,0.0402064448061683,42.204045127059,1.01720153524392,0.018711767523971,63.1139668777056,3.90136937283826,0.0335272906474542,46.6442255168879,1.41593687854456,0.0360441185710828,45.8365943503576,1.15245399819606,0.0413095078737289,42.0815487912172,0.49209661129222,0.0457534003982277,44.2932998881454,1.42160416285072,0.0338728469687111,68.5329708973982,1.01140217837909
0.00765700745866804,50.2713353889613,4.40353998409658,0.00796104188041614,46.1866656120042,4.71369981229287,0.0129108746241428,34.8849281654806,0.652556060926897,0.0178401838715955,30.0883103783107,2.01404755463622,0.0133253407459593,33.265410969678,2.12186789617139,0.0216744134719349,25.758657105599,1.19553529690125,0.0213657692618573,27.5058403367139,0.712432566652985,0.0248012954727291,24.0909814424018,0.449715632598649,0.0115423305247776,36.0268168662419,1.72483695188902,0.0206812675369898,26.6255324090271,0.626000774666278,0.022233769711426,26.1645190775653,0.509512186997735,0.0254817185540414,24.0210578854384,0.217561153005795,0.0282229281307767,25.2835732313228,0.62850634141835,0.0208944235239783,39.1201015237122,0.447151675161729
0.0262150441286064,29.3980422231667,8.78553420184499,0.0272559567600443,27.0093789095392,9.40433629936153,0.0442025360217793,20.4002655434956,1.30191927689983,0.0610788496655955,17.5952640223588,4.01824071980783,0.0456215300258838,19.4531923349767,4.23335385642812,0.0742059752057854,15.0633374535094,2.38522104451692,0.0731492801939418,16.085068147602,1.42137932287269,0.0849113780773694,14.088101781294,0.897230883691036,0.0395170966839622,21.0680276385226,3.44123457222017,0.0708057741936707,15.5702751860208,1.24893863484252,0.076121024731468,15.3006804104117,1.01653141819803,0.0872409201600967,14.0472113680177,0.43405781658126,0.0966259090618019,14.7855144021133,1.25393750903802,0.0715355493225765,22.8769414512349,0.892115513821458
0.00468153976522939,36.9654005015995,8.08688932563878,0.00486742821356843,33.9618706957222,8.65648292827236,0.0078937853049094,25.6515036079523,1.1983878112948,0.010907594208927,22.12446586002,3.69870143787466,0.00814719234951507,24.4606440197024,3.89670830784665,0.013251864923028,18.9407953642886,2.19554305532635,0.0130631580227689,20.2255300423737,1.30834813339056,0.0151636591202933,17.7145240046782,0.82588112336194,0.00705704932727948,26.4911545307953,3.16758007990707,0.0126446496091839,19.5782240804393,1.14962030565709,0.0135938586447583,19.2392328381696,0.935694618692143,0.0155796738270227,17.6631079786735,0.399540590586276,0.017255665617234,18.5914578034581,1.15422165845397,0.0127749744436144,28.7657013544301,0.821172538881523
0.00577600281333392,27.6001530939995,1.04358233969906,0.00600534876667753,25.3575726988265,1.11708622983261,0.00973921581690903,19.1526513189037,0.154647393530277,0.013457601130593,16.5191946137062,0.47730336659215,0.0100518650468551,18.2634980430523,0.502855400794812,0.0163499218026145,14.1421124803953,0.283326488879147,0.0161170984920261,15.1013574315973,0.168837355280211,0.0187086604261619,13.2265190659923,0.106576820867183,0.00870686543580074,19.7795752451028,0.408764173449652,0.0156007500478188,14.6180475416564,0.148354132229751,0.0167718677430353,14.3649403101045,0.120747835180919,0.0192219321779699,13.188129378069,0.0515591950797267,0.0212897418689787,13.8812801877765,0.148947919324416,0.0157615425750784,21.4778617427447,0.105969195931206
0.0375476485312965,40.7082829321947,1.63447232355385,0.0390385413730281,37.4006347132165,1.74959507863179,0.0633110239523361,28.2488124662291,0.242210772470402,0.0874828655137418,24.364649205259,0.747558781857995,0.0653434404484804,26.9373739752841,0.787578712366589,0.106284767718873,20.8586203906245,0.443749656338757,0.104771269869515,22.2734391686877,0.264435276345432,0.121618051250124,19.5081845565393,0.166922012200782,0.0566000976381173,29.1734811257745,0.640211800207818,0.101414680454769,21.5605911030761,0.232354184226901,0.109027681526594,21.1872757537333,0.18911684035317,0.124954640230558,19.4515624692511,0.0807526863733904,0.138396702850121,20.4739111200049,0.233284181348732,0.102459932940808,31.6783341608456,0.165970342070717
0.00604038478028471,70.5722978362786,48.1658638599279,0.00628022846644056,64.8381248760442,51.5583880821842,0.0101850038674772,48.9724317335735,7.13764982379832,0.0140735888945068,42.2388063690626,22.029626317548,0.0105119638277069,46.6989084820258,23.2089638302014,0.0170982982534861,36.1607187685345,13.0767497418553,0.0168548180428242,38.6134631487419,7.79257827536831,0.0195650021909312,33.819589321965,4.91898382066623,0.00910540025032312,50.5754468288062,18.8662444545291,0.0163148350503448,37.377662413001,6.84718844331586,0.0175395577055654,36.7304790851128,5.57303776564705,0.0201017676631733,33.7214286892782,2.37968110082595,0.0222642261296514,35.4937828215734,6.87459430031002,0.0164829874501671,54.9178858042251,4.8909392871102
0.00684107846478202,92.5245975300126,0.923208805087805,0.00711271504688027,85.0067461693554,0.988234281275025,0.0115350947259085,64.2058523689674,0.136809363247947,0.0159391378878132,55.3776577958699,0.422248110161577,0.0119053954309354,61.2251243740736,0.444852807526047,0.0193647928436821,47.4089133134999,0.250645779731449,0.0190890376912627,50.6246111663481,0.149362563060791,0.0221584750012373,44.339549463225,0.094283561248481,0.0103123823781919,66.3075031734378,0.361614670713939,0.0184774763163555,49.0044008400955,0.131242007396525,0.0198645442080081,48.1559039259109,0.106819999144928,0.0227663923519297,44.2108548718471,0.0456120241499775,0.025215499252254,46.5345195079584,0.131767303248408,0.0186679184492773,72.000706183936,0.093746023701375
0.0129719463060443,25.3373663467397,1.77012490443218,0.013487019357154,23.2786429461486,1.89480224089953,0.0218726667425218,17.5824293918114,0.262312988903595,0.0302235447100572,15.1648755083015,0.809602217317828,0.0225748251649735,16.7661729670038,0.852943590950194,0.0367192182181643,12.9826774370494,0.480578536998749,0.036196335598236,13.8632791011811,0.286382009364157,0.0420165547610093,12.1421485571413,0.180775658686032,0.0195541786555966,18.1579552280466,0.69334600245489,0.0350367024557445,13.419593165863,0.251638355830202,0.0376668389621425,13.1872368224398,0.204812540495514,0.0431692781616093,12.1069062313638,0.0874547333652848,0.0478132364749541,12.743229368387,0.252645537807333,0.0353978158584613,19.7170084335097,0.17974500495531
0.0117405802907669,47.7635499967384,5.79221042306238,0.0122067598731898,43.8826439574949,6.20018014655347,0.0197963970868512,33.1446936444508,0.858341704942813,0.0273545653804218,28.5873551190247,2.6491839021874,0.0204319029038765,31.6059660583664,2.79100573378508,0.0332336350716835,24.4736865848659,1.57255118219872,0.0327603872461777,26.1337115865321,0.937100458540085,0.0380281203047519,22.8892029163665,0.591534897822982,0.0176979921986773,34.2296192313192,2.26876980949325,0.0317108326384075,25.297317816777,0.823412124100658,0.0340913026234439,24.8593021337627,0.670188487186191,0.0390714210800168,22.8227674958007,0.286169759476401,0.0432745502141078,24.0223022680169,0.826707829353577,0.0320376672396804,37.1685953943369,0.588162388195717
